id,url
22400792,https://www.bear-family.de/beck-jeff-und-guests-rock-und-roll-party-honoring-les-paul-blue-r.html
4615205,http://www.harddrivesdirect.com/product_info_BL465c_G6_HardDrives.php?products_id=144222_BL465c_G6_HardDrives&currency=USD
25790028,http://www.toyart.com.pt/pt/replicas/438-lord-of-the-rings-replica-11-the-gimli-axe.html
19649590,https://www.cdw.ca/shop/products/HP-PSL-FoR-2-AND-4-SCKT-IPF-SVRS-LTU/2576592.aspx
14813587,https://watches.uhrzeit.org/watches/Diesel/Ladies-watches/Mini-Daddy-Ladies-Watch-DZ7336.php
17307530,https://www.officestationery.co.uk/product/hsm-securio-b34-0-78-x-11mm-cross-cut-shredder-securiob34c0-78-GJQ123575J/
11333691,https://www.cdwg.com/shop/products/KEMP360-Central-subscription-license-1-year/3950810.aspx
11833521,http://store.faithgateway.com/god-s-promises-for-graduates-class-of-2014-blue
12251773,http://www.jensonusa.com/RST-1-To-1-18-Steerer-Shim
14131730,https://www.vectorstock.com/royalty-free-vectors?vector=985501
16155171,https://tw.mall.yahoo.com/item/p0699117475208
15554094,https://craft-italianstyle.com/it/temi/deep-red-stamps-timbri-gomma-7-5-x-11-cm-vintage-bicycle-velo.1.10.609.gp.10260.uw
295908,http://www.brit-car.co.uk/product.php/429152/5497/adhesive_and_sealer
13645903,https://www.bear-family.com/covay-don-ooh-my-soul-the-rockin-years.html
7389411,https://www.accu.co.uk/en/a2-stainless-steel-trapezoidal-lead-screws/287297-L-Tr12x6-2R-905-A2
7775235,https://www.victorianplumbing.co.uk/kudos-ultimate2-1400-x-900mm-8mm-glass-recess-shower-enclosure
9358443,https://www.vectorstock.com/royalty-free-vectors?vector=961297
16147970,http://www.nutsboltsandboyond.com/stock/11614/P1761/
3253430,https://www.artistsupplysource.com/product/116934/black-black-gray-bottle-16-oz-tempera-model-54-1216-051-price-per-each/
19141481,https://www.maedchenflohmarkt.de/mode/hosen/sweathosen.html
11240915,https://www.beautycoiffure.com/teint-paolap/22359-paolap-palette-blush-bouquet-8-coloris.html
11429993,https://www.lyst.com/jewelry/ferragamo-gancini-classic-earrings-oro/
14955226,http://www.rewonline.com/restaurant-equipment-new/John-Boos-WAL-R03-Cutting-Board/JOH-WAL-R03.html
11968263,https://ufoody.com/olio-aromatizzato-al-basilico.html
7214912,https://www.acklandsgrainger.com/en/product/NARROW-CROWN-STAPLE-29-64-1-4-LEG-P/p/WSW10D677
999,http://www.rewonline.com/restaurant-999